codigo_municipio,nome_municipio,sigla_uf,alunos_teste,risco_medio,alunos_preditos_risco,alunos_reais_risco,risco_medio_pct,elegivel_ranking
1100023,Ariquemes,RO,1,0.3589470371301856,0,1,35.89470371301856,False
1100072,Corumbiara,RO,1,0.4064050081589198,0,0,40.640500815891976,False
1100106,Guajará-Mirim,RO,1,0.7267563449729448,1,1,72.67563449729448,False
1100122,Ji-Paraná,RO,1,0.2331621735718291,0,1,23.31621735718291,False
1100130,Machadinho D'Oeste,RO,1,0.5493557181715294,1,0,54.93557181715294,False
1100189,Pimenta Bueno,RO,2,0.5296800316245521,2,0,52.96800316245521,False
1100205,Porto Velho,RO,5,0.49586422368641847,0,4,49.58642236864185,True
1100288,Rolim de Moura,RO,1,0.4361327642409479,0,0,43.613276424094785,False
1100304,Vilhena,RO,1,0.4297051566959266,0,0,42.970515669592665,False
1200179,Capixaba,AC,1,0.6826282086504616,1,1,68.26282086504617,False
1200401,Rio Branco,AC,5,0.6867031139454335,5,2,68.67031139454335,True
1200427,Rodrigues Alves,AC,1,0.7066540836208342,1,1,70.66540836208341,False
1300680,Boa Vista do Ramos,AM,2,0.7421767650407598,2,1,74.21767650407598,False
1300904,Canutama,AM,1,0.4640717517394313,0,1,46.40717517394313,False
1301407,Eirunepé,AM,1,0.4455610447668993,0,0,44.55610447668993,False
1301902,Itacoatiara,AM,1,0.5508073278547088,1,0,55.08073278547088,False
1302306,Jutaí,AM,1,0.7208671020999999,1,1,72.08671020999999,False
1302405,Lábrea,AM,1,0.5357546999164711,1,0,53.575469991647104,False
1302504,Manacapuru,AM,1,0.6663991905311852,1,1,66.63991905311852,False
1302603,Manaus,AM,13,0.5121487805518836,11,6,51.214878055188365,True
1302702,Manicoré,AM,1,0.6242448347933782,1,0,62.42448347933782,False
1302801,Maraã,AM,1,0.7970572324668908,1,0,79.70572324668908,False
1303536,Presidente Figueiredo,AM,2,0.6924108961886123,2,2,69.24108961886122,False
1303809,São Gabriel da Cachoeira,AM,1,0.6040598208786379,1,1,60.405982087863784,False
1303908,São Paulo de Olivença,AM,1,0.7675223887512582,1,0,76.75223887512583,False
1304062,Tabatinga,AM,2,0.6948775660652917,2,1,69.48775660652917,False
1304203,Tefé,AM,1,0.6226090936997226,1,1,62.26090936997226,False
1304237,Tonantins,AM,1,0.653984568243845,1,1,65.3984568243845,False
1500206,Acará,PA,1,0.6830644336845674,1,1,68.30644336845674,False
1500305,Afuá,PA,1,0.7265056129545692,1,1,72.65056129545691,False
1500347,Água Azul do Norte,PA,1,0.6135239454177591,1,0,61.352394541775915,False
1500602,Altamira,PA,2,0.6158860568621479,2,0,61.58860568621479,False
1500800,Ananindeua,PA,3,0.43793049628286057,1,1,43.793049628286056,False
1501402,Belém,PA,5,0.5831062185872997,4,3,58.310621858729974,True
1501709,Bragança,PA,1,0.6326320607670912,1,0,63.263206076709125,False
1501808,Breves,PA,1,0.6635824363682434,1,0,66.35824363682434,False
1502152,Canaã dos Carajás,PA,1,0.4969514079079797,0,1,49.69514079079797,False
1502202,Capanema,PA,1,0.5239457799183743,1,1,52.39457799183743,False
1502400,Castanhal,PA,3,0.5929592441375054,3,2,59.29592441375055,False
1502855,Curuá,PA,1,0.7101646358496825,1,1,71.01646358496825,False
1502905,Curuçá,PA,1,0.7078463694063579,1,1,70.78463694063579,False
1502939,Dom Eliseu,PA,1,0.5559695716394312,1,1,55.59695716394312,False
1503077,Garrafão do Norte,PA,1,0.7097178791383326,1,1,70.97178791383327,False
1503200,Igarapé-Açu,PA,1,0.7216762403369102,1,0,72.16762403369103,False
1503507,Irituia,PA,1,0.6651161668938543,1,0,66.51161668938543,False
1503606,Itaituba,PA,1,0.576435114285991,1,1,57.643511428599105,False
1503705,Itupiranga,PA,1,0.6873347753455967,1,1,68.73347753455967,False
1503804,Jacundá,PA,2,0.6058287579238804,2,1,60.58287579238804,False
1504208,Marabá,PA,2,0.5478465463382424,2,1,54.78465463382424,False
1504505,Melgaço,PA,1,0.7542886848516964,1,1,75.42886848516964,False
1504703,Moju,PA,1,0.7191011600060844,1,0,71.91011600060844,False
1505304,Oriximiná,PA,1,0.7237936737643921,1,1,72.3793673764392,False
1505502,Paragominas,PA,1,0.5218852694256052,1,1,52.18852694256052,False
1505536,Parauapebas,PA,2,0.5927950406799167,2,2,59.279504067991674,False
1505650,Placas,PA,2,0.5900340800674323,2,2,59.00340800674323,False
1506187,Rondon do Pará,PA,1,0.5525570805962146,1,1,55.255708059621455,False
1506500,Santa Izabel do Pará,PA,2,0.6402875505625646,2,1,64.02875505625646,False
1506807,Santarém,PA,4,0.6086845689983669,4,4,60.86845689983669,False
1507458,São Geraldo do Araguaia,PA,1,0.6161339095950069,1,0,61.61339095950069,False
1600253,Itaubal,AP,2,0.6481222692199832,2,1,64.81222692199832,False
1600303,Macapá,AP,5,0.7220238614644551,5,1,72.2023861464455,True
1600535,Porto Grande,AP,1,0.580384843468646,1,0,58.03848434686461,False
1600709,Tartarugalzinho,AP,1,0.7845610344977546,1,0,78.45610344977545,False
1702158,Araguanã,TO,1,0.6101061665438998,1,0,61.010616654389985,False
1702208,Araguatins,TO,1,0.600304316385522,1,1,60.030431638552194,False
1703008,Babaçulândia,TO,1,0.7285130189538684,1,1,72.85130189538684,False
1703057,Bandeirantes do Tocantins,TO,1,0.5448225407799465,1,0,54.482254077994654,False
1707108,Divinópolis do Tocantins,TO,1,0.4802975544850513,0,1,48.02975544850513,False
1718881,Santa Maria do Tocantins,TO,1,0.8691757164841095,1,1,86.91757164841096,False
1720200,São Miguel do Tocantins,TO,1,0.6938033880351224,1,1,69.38033880351225,False
1721000,Palmas,TO,3,0.5607747518275924,3,2,56.07747518275924,False
2100055,Açailândia,MA,1,0.5742750755289924,1,1,57.427507552899236,False
2100600,Amarante do Maranhão,MA,1,0.6176425990114338,1,0,61.76425990114338,False
2101400,Balsas,MA,1,0.5356595666976225,1,1,53.56595666976225,False
2101707,Barreirinhas,MA,3,0.5269875026083363,3,1,52.69875026083363,False
2102325,Buriticupu,MA,1,0.564131872686939,1,1,56.413187268693896,False
2102903,Carutapera,MA,1,0.4727760928048269,0,1,47.27760928048269,False
2103000,Caxias,MA,2,0.5323586615809185,2,1,53.23586615809185,False
2103208,Chapadinha,MA,2,0.5512900149052887,2,1,55.12900149052887,False
2103406,Coelho Neto,MA,1,0.444457510175324,0,0,44.445751017532395,False
2103505,Colinas,MA,2,0.4365206984425664,0,1,43.652069844256644,False
2103554,Conceição do Lago-Açu,MA,1,0.6045613433563695,1,1,60.456134335636946,False
2103604,Coroatá,MA,1,0.5111394645827807,1,0,51.11394645827807,False
2104305,Godofredo Viana,MA,1,0.3440025992173601,0,0,34.40025992173601,False
2104651,Governador Newton Bello,MA,1,0.4265712263799691,0,1,42.657122637996906,False
2106326,Maracaçumé,MA,1,0.4152083898157463,0,0,41.520838981574634,False
2106508,Matinha,MA,1,0.425163276232253,0,1,42.516327623225294,False
2106706,Mirador,MA,1,0.5952509528101776,1,1,59.52509528101776,False
2106904,Monção,MA,1,0.5189484123745242,1,1,51.89484123745242,False
2107001,Montes Altos,MA,1,0.3860164573116952,0,0,38.60164573116952,False
2107209,Nina Rodrigues,MA,1,0.4643923026517282,0,1,46.43923026517282,False
2107506,Paço do Lumiar,MA,2,0.5780248098213151,2,0,57.80248098213151,False
2107902,Passagem Franca,MA,1,0.3116223000445579,0,1,31.162230004455786,False
2108207,Pedreiras,MA,2,0.4369102465950229,0,0,43.69102465950229,False
2109452,Raposa,MA,3,0.4259958377995916,0,3,42.59958377995916,False
2109809,Santa Helena,MA,1,0.4929301956834931,0,0,49.29301956834931,False
2110856,São Francisco do Brejão,MA,1,0.4350103284339986,0,0,43.50103284339986,False
2111102,São João dos Patos,MA,1,0.4563462704275561,0,1,45.63462704275561,False
2111201,São José de Ribamar,MA,4,0.4844679047928735,0,3,48.44679047928735,False
2111300,São Luís,MA,2,0.5747105817667747,2,1,57.47105817667747,False
2112308,Tuntum,MA,1,0.5729307428887025,1,0,57.29307428887025,False
2112803,Viana,MA,1,0.4772157025307631,0,1,47.721570253076315,False
2113009,Vitorino Freire,MA,1,0.4519857552957586,0,0,45.198575529575855,False
2201200,Barras,PI,1,0.4151950211004394,0,1,41.51950211004394,False
2201988,Brejo do Piauí,PI,1,0.3860936507059992,0,0,38.60936507059992,False
2202075,Cajazeiras do Piauí,PI,1,0.1533926140487222,0,0,15.33926140487222,False
2203909,Floriano,PI,1,0.3462171956329524,0,0,34.62171956329524,False
2205508,José de Freitas,PI,1,0.4123180669883348,0,1,41.23180669883348,False
2205706,Luís Correia,PI,1,0.3450609675246576,0,1,34.50609675246576,False
2207702,Parnaíba,PI,1,0.513557063424463,1,1,51.3557063424463,False
2208403,Piripiri,PI,1,0.507911071465454,1,0,50.7911071465454,False
2209203,Santa Filomena,PI,1,0.629359656487104,1,0,62.9359656487104,False
2211001,Teresina,PI,5,0.4322220120416523,0,4,43.22220120416523,True
2300150,Acarape,CE,1,0.164938569280536,0,0,16.4938569280536,False
2300200,Acaraú,CE,1,0.0825100453761084,0,0,8.25100453761084,False
2301901,Barbalha,CE,1,0.1427016206237256,0,0,14.27016206237256,False
2302800,Canindé,CE,1,0.1080094174998184,0,0,10.80094174998184,False
2303709,Caucaia,CE,2,0.2449184042879915,0,1,24.49184042879915,False
2304285,Eusébio,CE,1,0.1441576326141344,0,0,14.415763261413439,False
2304301,Farias Brito,CE,1,0.0623256769249272,0,0,6.2325676924927205,False
2304400,Fortaleza,CE,10,0.20394750950659352,0,3,20.39475095065935,True
2304459,Fortim,CE,1,0.0919216398398316,0,0,9.19216398398316,False
2305001,Guaraciaba do Norte,CE,1,0.0774025928345679,0,0,7.74025928345679,False
2305506,Iguatu,CE,1,0.249022783278375,0,1,24.9022783278375,False
2306256,Itaitinga,CE,2,0.1561142718897392,0,1,15.61142718897392,False
2306306,Itapajé,CE,1,0.1139553352264537,0,0,11.39553352264537,False
2306405,Itapipoca,CE,1,0.2912487420716133,0,1,29.124874207161326,False
2307304,Juazeiro do Norte,CE,2,0.2631622851607196,0,0,26.31622851607196,False
2307650,Maracanaú,CE,1,0.1581294459343702,0,0,15.81294459343702,False
2307809,Marco,CE,1,0.1068040095239857,0,0,10.68040095239857,False
2308807,Moraújo,CE,1,0.0964488299328762,0,0,9.64488299328762,False
2309201,Nova Olinda,CE,1,0.0920820485894217,0,0,9.208204858942171,False
2309607,Pacajus,CE,2,0.1273918564042435,0,0,12.739185640424349,False
2310001,Palhano,CE,1,0.1868182918611023,0,0,18.681829186110228,False
2310258,Paraipaba,CE,1,0.099602327850592,0,0,9.960232785059201,False
2310308,Parambu,CE,2,0.1640396713220921,0,1,16.40396713220921,False
2311108,Porteiras,CE,1,0.1074951539370862,0,0,10.74951539370862,False
2312403,São Gonçalo do Amarante,CE,1,0.2268528383154281,0,0,22.68528383154281,False
2313302,Tauá,CE,1,0.0843037528919161,0,0,8.43037528919161,False
2313401,Tianguá,CE,2,0.0922130307453328,0,1,9.22130307453328,False
2313500,Trairi,CE,1,0.0957946159148837,0,0,9.57946159148837,False
2313807,Uruburetama,CE,1,0.1439976154475312,0,0,14.39976154475312,False
2314003,Várzea Alegre,CE,1,0.0675263209714866,0,0,6.75263209714866,False
2314102,Viçosa do Ceará,CE,1,0.0885849176508731,0,0,8.85849176508731,False
2401008,Apodi,RN,1,0.6521390204601801,1,1,65.213902046018,False
2403103,Currais Novos,RN,1,0.6626227233397244,1,0,66.26227233397243,False
2403251,Parnamirim,RN,1,0.6708733538002714,1,1,67.08733538002714,False
2403608,Extremoz,RN,1,0.6815600388162202,1,1,68.15600388162201,False
2404200,Goianinha,RN,1,0.7461466017421052,1,1,74.61466017421053,False
2404309,Governador Dix-Sept Rosado,RN,1,0.5821358345681724,1,0,58.21358345681724,False
2408102,Natal,RN,1,0.6237550893702883,1,1,62.37550893702883,False
2408300,Nova Cruz,RN,1,0.7370110000944863,1,0,73.70110000944862,False
2412005,São Gonçalo do Amarante,RN,1,0.6019971379076897,1,0,60.199713790768975,False
2413359,Serra do Mel,RN,1,0.7587429047755131,1,1,75.87429047755131,False
2501807,Bayeux,PB,1,0.6886359431308144,1,1,68.86359431308145,False
2502151,Boa Vista,PB,1,0.449714302506372,0,0,44.9714302506372,False
2503704,Cajazeiras,PB,1,0.5416929128778196,1,0,54.16929128778196,False
2506400,Gurinhém,PB,1,0.6865669192242264,1,0,68.65669192242264,False
2507507,João Pessoa,PB,4,0.6244528239147483,4,3,62.445282391474834,False
2509701,Monteiro,PB,1,0.5143336407545619,1,0,51.43336407545619,False
2512309,Princesa Isabel,PB,1,0.2411268878148264,0,0,24.112688781482642,False
2513703,Santa Rita,PB,2,0.6410338861858926,2,1,64.10338861858926,False
2600302,Agrestina,PE,1,0.3156002840256231,0,0,31.560028402562313,False
2601052,Araçoiaba,PE,1,0.4783920625637432,0,0,47.839206256374325,False
2601508,Belém de Maria,PE,1,0.3088248121766922,0,0,30.882481217669223,False
2602803,Buíque,PE,1,0.4514343177642405,0,1,45.143431776424045,False
2602902,Cabo de Santo Agostinho,PE,2,0.4397728376622664,0,1,43.97728376622664,False
2603207,Caetés,PE,1,0.3521623143920444,0,1,35.216231439204435,False
2604007,Carpina,PE,1,0.3583358856373279,0,1,35.83358856373279,False
2604106,Caruaru,PE,2,0.4066703023974625,0,0,40.667030239746246,False
2604700,Correntes,PE,1,0.4421421557843148,0,0,44.21421557843148,False
2606002,Garanhuns,PE,1,0.4538476493904255,0,1,45.38476493904255,False
2606200,Goiana,PE,1,0.4118636885285038,0,0,41.18636885285038,False
2606804,Igarassu,PE,3,0.3711622131764092,0,3,37.11622131764092,False
2607505,Itaíba,PE,1,0.4305866898437424,0,1,43.058668984374236,False
2607653,Itambé,PE,1,0.4904299840510832,0,0,49.04299840510832,False
2607901,Jaboatão dos Guararapes,PE,1,0.4305287803668788,0,0,43.05287803668788,False
2608255,Jucati,PE,1,0.4854403443757181,0,1,48.54403443757181,False
2608750,Lagoa Grande,PE,1,0.4145944500479512,0,0,41.45944500479512,False
2608909,Limoeiro,PE,1,0.321946204667987,0,1,32.1946204667987,False
2609600,Olinda,PE,1,0.4248000182995129,0,0,42.48000182995129,False
2609709,Orobó,PE,1,0.3450246927072384,0,0,34.50246927072384,False
2610707,Paulista,PE,1,0.4334070055181948,0,0,43.34070055181948,False
2610905,Pesqueira,PE,1,0.4850341873712446,0,0,48.50341873712446,False
2611101,Petrolina,PE,2,0.3766524896827246,0,1,37.66524896827246,False
2611606,Recife,PE,5,0.3900406316903321,0,1,39.00406316903321,True
2612208,Salgueiro,PE,2,0.3050280910799048,0,1,30.50280910799048,False
2613008,São Bento do Una,PE,2,0.3492803675188017,0,0,34.92803675188017,False
2613404,São José da Coroa Grande,PE,1,0.4791141296225551,0,1,47.91141296225551,False
2614006,Serrita,PE,1,0.3683420096325902,0,1,36.834200963259015,False
2614402,Solidão,PE,3,0.2628457978368724,0,0,26.28457978368724,False
2615300,Timbaúba,PE,1,0.294731266692906,0,0,29.4731266692906,False
2700300,Arapiraca,AL,2,0.6265588422310918,2,2,62.65588422310918,False
2702306,Coruripe,AL,2,0.2375326026058813,0,0,23.75326026058813,False
2704203,Limoeiro de Anadia,AL,1,0.4931581957122348,0,0,49.31581957122348,False
2704302,Maceió,AL,3,0.6482375862153189,3,2,64.8237586215319,False
2705705,Olho d'Água das Flores,AL,1,0.6216879607669948,1,1,62.168796076699486,False
2706109,Ouro Branco,AL,1,0.7493364237599336,1,1,74.93364237599336,False
2706406,Pão de Açúcar,AL,1,0.4905111868061327,0,0,49.05111868061327,False
2706703,Penedo,AL,1,0.6003325802477016,1,0,60.03325802477016,False
2707107,Piranhas,AL,1,0.6718564177987094,1,1,67.18564177987093,False
2707305,Porto Calvo,AL,2,0.4803576543078505,0,0,48.03576543078505,False
2707602,Quebrangulo,AL,1,0.5368653630473144,1,0,53.68653630473143,False
2708600,São Miguel dos Campos,AL,1,0.5372368882048708,1,0,53.723688820487084,False
2709152,Teotônio Vilela,AL,1,0.4932280894671734,0,0,49.32280894671734,False
2800308,Aracaju,SE,1,0.7267539922846302,1,0,72.67539922846302,False
2800670,Boquim,SE,1,0.4509175330290582,0,0,45.091753302905815,False
2801504,Carmópolis,SE,1,0.5814160902701023,1,1,58.14160902701023,False
2802908,Itabaiana,SE,1,0.7041034276582198,1,1,70.41034276582198,False
2803005,Itabaianinha,SE,2,0.4967496798498279,0,1,49.674967984982786,False
2803500,Lagarto,SE,2,0.5645791493246631,1,1,56.457914932466316,False
2803609,Laranjeiras,SE,1,0.7791559714752456,1,1,77.91559714752457,False
2803708,Macambira,SE,1,0.5722128242362409,1,1,57.22128242362409,False
2804607,Nossa Senhora das Dores,SE,1,0.628751929500248,1,1,62.875192950024804,False
2806602,Santo Amaro das Brotas,SE,1,0.5153848239133373,1,0,51.53848239133373,False
2807105,Simão Dias,SE,1,0.4631229190478659,0,1,46.31229190478659,False
2807402,Tobias Barreto,SE,1,0.5682808067584382,1,0,56.828080675843815,False
2903201,Barreiras,BA,2,0.7245667317967713,2,1,72.45667317967714,False
2903409,Belmonte,BA,1,0.7498126329900072,1,0,74.98126329900072,False
2905701,Camaçari,BA,4,0.7559603515783053,4,4,75.59603515783053,False
2906600,Candiba,BA,1,0.6233254188138726,1,1,62.33254188138726,False
2906808,Cansanção,BA,1,0.7624042091047374,1,1,76.24042091047374,False
2906899,Caraíbas,BA,1,0.6293285218386568,1,1,62.932852183865684,False
2906907,Caravelas,BA,1,0.7086551836034294,1,1,70.86551836034293,False
2907103,Carinhanha,BA,1,0.7288775312296206,1,0,72.88775312296207,False
2907509,Catu,BA,1,0.6912258763092068,1,0,69.12258763092069,False
2910701,Euclides da Cunha,BA,1,0.7437096192604428,1,0,74.37096192604427,False
2910727,Eunápolis,BA,1,0.7505756617915811,1,1,75.0575661791581,False
2911709,Guanambi,BA,1,0.5975257443634123,1,0,59.752574436341234,False
2913200,Ibotirama,BA,1,0.6530409910934437,1,1,65.30409910934438,False
2914307,Iramaia,BA,1,0.6691237187204472,1,1,66.91237187204472,False
2914802,Itabuna,BA,1,0.7714537532563207,1,1,77.14537532563207,False
2916401,Itapetinga,BA,1,0.7107561826937788,1,0,71.07561826937788,False
2917508,Jacobina,BA,1,0.637425697315866,1,0,63.7425697315866,False
2918001,Jequié,BA,1,0.7490613205401352,1,1,74.90613205401353,False
2919553,Luís Eduardo Magalhães,BA,2,0.7591124448192347,2,0,75.91124448192346,False
2920205,Malhada,BA,1,0.815441668839975,1,0,81.5441668839975,False
2920403,Manoel Vitorino,BA,1,0.738290309183658,1,0,73.8290309183658,False
2921005,Mata de São João,BA,1,0.6905470396374075,1,1,69.05470396374075,False
2921104,Medeiros Neto,BA,1,0.6111094990008654,1,0,61.11094990008654,False
2923035,Novo Horizonte,BA,1,0.6381826711236107,1,0,63.81826711236107,False
2923605,Paramirim,BA,2,0.7178115615059238,2,2,71.78115615059238,False
2925204,Pojuca,BA,1,0.6062976464541092,1,0,60.62976464541092,False
2925303,Porto Seguro,BA,3,0.7222023570520711,3,3,72.22023570520712,False
2925501,Prado,BA,2,0.7426971952189478,2,1,74.26971952189479,False
2927408,Salvador,BA,6,0.7635005400590839,6,6,76.35005400590839,True
2929255,São Gabriel,BA,1,0.6902210000429134,1,1,69.02210000429135,False
2929750,Saubara,BA,1,0.7024286380336896,1,1,70.24286380336896,False
2930907,Tabocas do Brejo Velho,BA,1,0.7926277005688358,1,0,79.26277005688358,False
2931301,Tapiramutá,BA,1,0.7059965605560812,1,1,70.59965605560812,False
2932507,Una,BA,1,0.7336633481876396,1,0,73.36633481876396,False
2933000,Valente,BA,1,0.7458958712877019,1,1,74.58958712877019,False
2933059,Várzea da Roça,BA,1,0.7495232413371351,1,1,74.95232413371352,False
3100302,Abre Campo,MG,1,0.1627130899446661,0,0,16.27130899446661,False
3104007,Araxá,MG,1,0.3306630419136732,0,0,33.066304191367315,False
3105608,Barbacena,MG,1,0.3828154701181939,0,0,38.28154701181939,False
3106200,Belo Horizonte,MG,14,0.4097973768279654,0,5,40.97973768279654,True
3106705,Betim,MG,1,0.4310338643960521,0,0,43.10338643960521,False
3108701,Brás Pires,MG,1,0.344248648593241,0,0,34.4248648593241,False
3111606,Campos Gerais,MG,1,0.4027243465015607,0,0,40.27243465015607,False
3112604,Capinópolis,MG,1,0.3510996667863423,0,0,35.10996667863423,False
3113404,Caratinga,MG,2,0.4416676365386928,0,1,44.16676365386928,False
3114105,Carmo de Minas,MG,1,0.4239014215681804,0,1,42.39014215681804,False
3115300,Cataguases,MG,1,0.3888157886004151,0,1,38.88157886004151,False
3118007,Congonhas,MG,2,0.3536891901547161,0,0,35.36891901547161,False
3118601,Contagem,MG,3,0.4482469853899855,0,1,44.82469853899855,False
3120870,Curral de Dentro,MG,1,0.314548712691849,0,0,31.4548712691849,False
3122306,Divinópolis,MG,1,0.2488421766585307,0,1,24.884217665853072,False
3124104,Esmeraldas,MG,2,0.4813444065233124,0,1,48.13444065233124,False
3127107,Frutal,MG,1,0.4222897600614887,0,1,42.22897600614887,False
3127800,Grão Mogol,MG,1,0.3434990106249302,0,0,34.34990106249302,False
3129400,Ibertioga,MG,1,0.2069871049981466,0,1,20.69871049981466,False
3129806,Ibirité,MG,1,0.4859677650045552,0,1,48.59677650045552,False
3130606,Inconfidentes,MG,1,0.226877120385563,0,0,22.687712038556302,False
3131158,Ipaba,MG,1,0.3713322990102839,0,0,37.13322990102839,False
3131307,Ipatinga,MG,1,0.3674761850719177,0,0,36.747618507191774,False
3131901,Itabirito,MG,1,0.4185088873094145,0,0,41.85088873094145,False
3132206,Itaguara,MG,1,0.385055424987384,0,0,38.5055424987384,False
3132503,Itamarandiba,MG,2,0.4308855169919612,0,1,43.08855169919612,False
3134707,Jacinto,MG,1,0.5040241296511987,1,0,50.40241296511987,False
3136702,Juiz de Fora,MG,2,0.4897924368868807,0,1,48.979243688688065,False
3137106,Lagamar,MG,1,0.1747567233664688,0,0,17.47567233664688,False
3138203,Lavras,MG,2,0.4579903211476874,0,1,45.79903211476874,False
3138401,Leopoldina,MG,1,0.2825756494149234,0,1,28.25756494149234,False
3139201,Malacacheta,MG,1,0.1557596054178416,0,1,15.57596054178416,False
3139409,Manhuaçu,MG,1,0.3131177273406617,0,0,31.311772734066167,False
3139508,Manhumirim,MG,1,0.3024647003719661,0,0,30.24647003719661,False
3139607,Mantena,MG,1,0.3220554479208511,0,0,32.205544792085114,False
3140001,Mariana,MG,1,0.4774131627864373,0,1,47.74131627864373,False
3141603,Mercês,MG,2,0.1178046286381465,0,1,11.78046286381465,False
3142809,Monte Alegre de Minas,MG,1,0.3229895522368478,0,0,32.29895522368478,False
3143302,Montes Claros,MG,3,0.2656009770344567,0,2,26.560097703445667,False
3143450,Montezuma,MG,1,0.3548255944954081,0,1,35.482559449540815,False
3144102,Muzambinho,MG,1,0.4873420667358317,0,1,48.73420667358317,False
3145208,Nova Serrana,MG,2,0.4560922973324574,0,1,45.60922973324574,False
3146107,Ouro Preto,MG,1,0.4043404949706407,0,0,40.434049497064066,False
3146404,Paineiras,MG,1,0.2541442653791664,0,0,25.41442653791664,False
3148004,Patos de Minas,MG,1,0.365321654674249,0,1,36.532165467424896,False
3149309,Pedro Leopoldo,MG,2,0.4235880689776743,0,1,42.35880689776743,False
3149705,Perdigão,MG,1,0.4374820198649827,0,0,43.74820198649827,False
3149952,Periquito,MG,1,0.3330111223966347,0,1,33.301112239663475,False
3150406,Piedade dos Gerais,MG,1,0.3039055522502023,0,0,30.390555225020233,False
3151800,Poços de Caldas,MG,2,0.4111120361444447,0,0,41.11120361444447,False
3152501,Pouso Alegre,MG,1,0.4063103469284361,0,0,40.631034692843606,False
3154606,Ribeirão das Neves,MG,1,0.4762141946998754,0,0,47.62141946998754,False
3156700,Sabará,MG,1,0.3751052792132603,0,0,37.51052792132603,False
3157005,Salinas,MG,1,0.3269834125574359,0,0,32.69834125574359,False
3157104,Salto da Divisa,MG,1,0.4992961244361581,0,0,49.92961244361581,False
3157807,Santa Luzia,MG,1,0.4947875763247198,0,1,49.47875763247198,False
3159803,Santa Vitória,MG,2,0.3036807022376575,0,2,30.36807022376575,False
3162104,São Gotardo,MG,1,0.3244854974884447,0,1,32.44854974884447,False
3162450,São João das Missões,MG,1,0.7090177794160353,1,0,70.90177794160353,False
3163706,São Lourenço,MG,1,0.3549948751825063,0,1,35.499487518250625,False
3164472,São Sebastião do Anta,MG,1,0.4008721338083318,0,1,40.087213380833184,False
3165537,Sarzedo,MG,1,0.4157975516649206,0,0,41.57975516649206,False
3166501,Serra Azul de Minas,MG,2,0.3310630081830673,0,0,33.10630081830673,False
3167202,Sete Lagoas,MG,1,0.4694940954718433,0,0,46.94940954718433,False
3168002,Taiobeiras,MG,1,0.2722209849828182,0,0,27.22209849828182,False
3168804,Tiradentes,MG,1,0.3581532425351312,0,0,35.81532425351312,False
3169109,Toledo,MG,1,0.3707574769117555,0,0,37.07574769117555,False
3170206,Uberlândia,MG,6,0.4630154868731256,0,1,46.30154868731256,True
3171303,Viçosa,MG,1,0.4192883209155801,0,1,41.92883209155801,False
3200904,Barra de São Francisco,ES,1,0.3921797751971236,0,1,39.21797751971236,False
3201159,Brejetuba,ES,1,0.2220890466606339,0,1,22.20890466606339,False
3201209,Cachoeiro de Itapemirim,ES,1,0.5158391216249164,1,0,51.58391216249164,False
3201308,Cariacica,ES,3,0.525049512209199,3,3,52.50495122091991,False
3201605,Conceição da Barra,ES,1,0.4373590587662425,0,0,43.73590587662425,False
3202454,Ibatiba,ES,1,0.3246185685699583,0,1,32.46185685699583,False
3202652,Irupi,ES,1,0.4521207110621579,0,0,45.21207110621579,False
3203007,Iúna,ES,1,0.3441810587969142,0,1,34.41810587969142,False
3203056,Jaguaré,ES,1,0.3385102026197333,0,0,33.85102026197333,False
3203320,Marataízes,ES,1,0.4557252340823303,0,0,45.57252340823303,False
3204005,Pancas,ES,1,0.3633037081026167,0,0,36.33037081026167,False
3204104,Pinheiros,ES,1,0.2929728843113076,0,0,29.29728843113076,False
3204906,São Mateus,ES,1,0.5596221310636633,1,0,55.962213106366335,False
3205002,Serra,ES,4,0.4575489918893243,0,2,45.75489918893243,False
3205101,Viana,ES,1,0.5510596067559914,1,0,55.10596067559914,False
3205200,Vila Velha,ES,1,0.3920467610103908,0,0,39.204676101039084,False
3205309,Vitória,ES,2,0.3774468163105217,0,2,37.74468163105217,False
3300159,Aperibé,RJ,1,0.6104491148229334,1,0,61.044911482293344,False
3300308,Barra do Piraí,RJ,1,0.5733487189782301,1,1,57.334871897823014,False
3300456,Belford Roxo,RJ,3,0.6969399093705279,3,2,69.69399093705279,False
3301702,Duque de Caxias,RJ,4,0.6065048583436456,4,2,60.65048583436457,False
3301850,Guapimirim,RJ,1,0.5314564711417818,1,0,53.14564711417818,False
3302007,Itaguaí,RJ,1,0.6176862438078431,1,0,61.76862438078431,False
3302304,Laje do Muriaé,RJ,2,0.6770132252465074,2,0,67.70132252465075,False
3302403,Macaé,RJ,3,0.5547323422678445,3,2,55.47323422678445,False
3302502,Magé,RJ,3,0.6262871954081075,3,2,62.62871954081075,False
3302601,Mangaratiba,RJ,1,0.6266574575729754,1,0,62.66574575729754,False
3303500,Nova Iguaçu,RJ,2,0.6952275040045001,2,2,69.52275040045001,False
3303609,Paracambi,RJ,1,0.4637473063240139,0,1,46.37473063240139,False
3304144,Queimados,RJ,1,0.6792559583929643,1,1,67.92559583929642,False
3304524,Rio das Ostras,RJ,2,0.4705778040395201,0,0,47.05778040395201,False
3304557,Rio de Janeiro,RJ,27,0.5375682101102482,27,11,53.756821011024826,True
3305000,São João da Barra,RJ,2,0.5962575388439874,2,1,59.62575388439873,False
3305208,São Pedro da Aldeia,RJ,1,0.6132425539743334,1,1,61.32425539743333,False
3305802,Teresópolis,RJ,2,0.4735032258972533,0,1,47.35032258972533,False
3306107,Valença,RJ,2,0.5329461116996498,2,1,53.29461116996498,False
3306305,Volta Redonda,RJ,4,0.4489686757043533,0,1,44.896867570435326,False
3502200,Angatuba,SP,2,0.4259059602447535,0,1,42.59059602447535,False
3502507,Aparecida,SP,1,0.4809016793953601,0,1,48.09016793953601,False
3502804,Araçatuba,SP,1,0.3997917920667046,0,0,39.97917920667046,False
3503208,Araraquara,SP,1,0.3557361665710242,0,1,35.57361665710242,False
3504008,Assis,SP,3,0.5359665728216483,3,2,53.59665728216483,False
3504107,Atibaia,SP,1,0.3981872132967923,0,0,39.81872132967923,False
3505708,Barueri,SP,3,0.3902257440350685,0,1,39.02257440350685,False
3506359,Bertioga,SP,1,0.4554349123208575,0,0,45.54349123208575,False
3509403,Cajuru,SP,1,0.3576234732379359,0,1,35.76234732379359,False
3509502,Campinas,SP,4,0.484723053038952,1,1,48.472305303895205,False
3509601,Campo Limpo Paulista,SP,2,0.5248009906049185,2,1,52.480099060491845,False
3510005,Cândido Mota,SP,1,0.3047906455607113,0,1,30.47906455607113,False
3510203,Capão Bonito,SP,1,0.4099118284152147,0,0,40.991182841521464,False
3510401,Capivari,SP,1,0.3337530916679341,0,1,33.37530916679341,False
3510500,Caraguatatuba,SP,1,0.4639273539610387,0,0,46.392735396103866,False
3510609,Carapicuíba,SP,2,0.5216295750909001,1,0,52.16295750909001,False
3511102,Catanduva,SP,1,0.4576778080128253,0,0,45.767780801282534,False
3512704,Corumbataí,SP,1,0.4335426036382296,0,1,43.35426036382296,False
3513009,Cotia,SP,1,0.5155597734554438,1,1,51.55597734554438,False
3513108,Cravinhos,SP,1,0.5011422844774348,1,0,50.11422844774348,False
3513504,Cubatão,SP,2,0.5044834718893573,2,2,50.44834718893573,False
3513702,Descalvado,SP,1,0.3674559367227931,0,0,36.745593672279306,False
3513801,Diadema,SP,1,0.4605838433736868,0,0,46.05838433736868,False
3514403,Dracena,SP,1,0.3944508927637445,0,1,39.44508927637445,False
3514700,Echaporã,SP,1,0.268947508579412,0,0,26.8947508579412,False
3515004,Embu das Artes,SP,3,0.5816589451417588,2,2,58.165894514175875,False
3515509,Fernandópolis,SP,1,0.483214914806852,0,1,48.321491480685204,False
3515707,Ferraz de Vasconcelos,SP,3,0.5212366709380687,3,1,52.12366709380687,False
3516309,Francisco Morato,SP,1,0.51954639280336,1,1,51.954639280336,False
3516408,Franco da Rocha,SP,1,0.5371212853095858,1,1,53.71212853095858,False
3516903,General Salgado,SP,1,0.3694682551201983,0,0,36.946825512019835,False
3517406,Guaíra,SP,1,0.4840358158539002,0,0,48.40358158539002,False
3518107,Guarantã,SP,1,0.4331913073627711,0,1,43.31913073627711,False
3518404,Guaratinguetá,SP,1,0.4614942116138427,0,1,46.14942116138427,False
3518701,Guarujá,SP,1,0.5362383958942688,1,1,53.62383958942688,False
3518800,Guarulhos,SP,8,0.6190039419397951,8,5,61.900394193979515,True
3519071,Hortolândia,SP,1,0.4752225764183659,0,0,47.52225764183659,False
3519402,Ibirá,SP,1,0.3373482071714196,0,1,33.734820717141965,False
3520004,Igaraçu do Tietê,SP,1,0.3476191853582507,0,1,34.76191853582507,False
3520426,Ilha Comprida,SP,1,0.4263723355410442,0,0,42.63723355410442,False
3520509,Indaiatuba,SP,1,0.4999843327369129,0,0,49.99843327369129,False
3521101,Ipeúna,SP,1,0.5180193327868399,1,1,51.80193327868399,False
3522208,Itapecerica da Serra,SP,4,0.4882158329957835,0,4,48.82158329957835,False
3522307,Itapetininga,SP,2,0.5040736219923156,1,1,50.407362199231564,False
3522505,Itapevi,SP,1,0.4918255352351738,0,1,49.18255352351738,False
3522604,Itapira,SP,1,0.2966748058976183,0,0,29.66748058976183,False
3522901,Itapuí,SP,1,0.6106675189529188,1,1,61.06675189529188,False
3523305,Itariri,SP,1,0.349448952820476,0,0,34.9448952820476,False
3523404,Itatiba,SP,2,0.359791270672485,0,1,35.9791270672485,False
3523909,Itu,SP,2,0.3647120420545193,0,1,36.471204205451926,False
3524808,Jales,SP,1,0.4994297549386626,0,0,49.94297549386626,False
3525300,Jaú,SP,2,0.4121687178012426,0,1,41.21687178012426,False
3525904,Jundiaí,SP,3,0.4469780179088456,0,3,44.69780179088456,False
3526803,Lençóis Paulista,SP,1,0.3667574171836484,0,0,36.67574171836484,False
3528809,Maracaí,SP,1,0.2208305249570857,0,0,22.083052495708568,False
3529203,Martinópolis,SP,1,0.4234263901577148,0,0,42.34263901577148,False
3529401,Mauá,SP,1,0.4276045546711843,0,0,42.76045546711843,False
3530201,Mirante do Paranapanema,SP,1,0.1035250601113428,0,0,10.35250601113428,False
3530300,Mirassol,SP,1,0.3640469158947041,0,1,36.40469158947041,False
3530607,Mogi das Cruzes,SP,1,0.5435646773391707,1,1,54.35646773391707,False
3531902,Morro Agudo,SP,2,0.4085154990968763,0,1,40.85154990968763,False
3534401,Osasco,SP,3,0.5565623873423915,3,1,55.65623873423915,False
3535408,Panorama,SP,1,0.4532621158927907,0,0,45.32621158927907,False
3537602,Peruíbe,SP,1,0.59018582196016,1,1,59.018582196016,False
3537800,Piedade,SP,1,0.430443929470371,0,0,43.0443929470371,False
3538709,Piracicaba,SP,1,0.5173414693529088,1,0,51.73414693529088,False
3539509,Pitangueiras,SP,1,0.3915756018448355,0,1,39.15756018448355,False
3543402,Ribeirão Preto,SP,3,0.5557038725470352,2,3,55.570387254703526,False
3543907,Rio Claro,SP,2,0.527817117781172,2,1,52.7817117781172,False
3545001,Salesópolis,SP,1,0.3885384793079326,0,0,38.853847930793265,False
3545209,Salto,SP,1,0.5137487281853332,1,1,51.374872818533326,False
3547809,Santo André,SP,8,0.4844091292361993,0,5,48.440912923619926,True
3548500,Santos,SP,2,0.4620587021972892,0,1,46.205870219728915,False
3548708,São Bernardo do Campo,SP,3,0.5115577241184728,3,2,51.15577241184728,False
3548807,São Caetano do Sul,SP,1,0.4497127928053248,0,1,44.97127928053248,False
3549409,São Joaquim da Barra,SP,1,0.4995598298802049,0,1,49.955982988020494,False
3549805,São José do Rio Preto,SP,1,0.4716789075550038,0,1,47.16789075550038,False
3549904,São José dos Campos,SP,3,0.40251078235352283,0,2,40.25107823535228,False
3550308,São Paulo,SP,50,0.504187507841102,22,29,50.4187507841102,True
3550704,São Sebastião,SP,1,0.540465800803719,1,1,54.046580080371896,False
3551009,São Vicente,SP,1,0.5430853925852537,1,0,54.30853925852537,False
3551801,Sete Barras,SP,1,0.2989517638167108,0,0,29.895176381671078,False
3552205,Sorocaba,SP,3,0.5614197232949674,3,1,56.14197232949674,False
3552403,Sumaré,SP,2,0.5343007424957709,2,1,53.43007424957709,False
3553500,Tapiraí,SP,1,0.4272020545017485,0,1,42.720205450174845,False
3553708,Taquaritinga,SP,1,0.4418176412013384,0,1,44.181764120133835,False
3554102,Taubaté,SP,2,0.5266754219515565,2,0,52.66754219515565,False
3554300,Teodoro Sampaio,SP,1,0.4231019758489368,0,0,42.31019758489368,False
3554508,Tietê,SP,2,0.4376868976622625,0,1,43.768689766226245,False
3556453,Vargem Grande Paulista,SP,1,0.5086438238234073,1,0,50.864382382340736,False
3557006,Votorantim,SP,1,0.4469816191605722,0,1,44.698161916057224,False
4100459,Altamira do Paraná,PR,1,0.3085442824056479,0,1,30.85442824056479,False
4101101,Andirá,PR,1,0.5293955587194377,1,0,52.93955587194377,False
4101507,Arapongas,PR,1,0.4656759560589247,0,1,46.56759560589247,False
4101655,Arapuã,PR,1,0.4653103297648077,0,0,46.531032976480766,False
4102000,Assis Chateaubriand,PR,2,0.2829408340395634,0,0,28.29408340395634,False
4104204,Campo Largo,PR,1,0.5332874945412869,1,0,53.32874945412869,False
4104303,Campo Mourão,PR,1,0.3975208945565026,0,1,39.75208945565026,False
4104808,Cascavel,PR,2,0.3795545365563165,0,1,37.95545365563165,False
4105508,Cianorte,PR,2,0.4564449456118913,0,0,45.644494561189134,False
4105706,Clevelândia,PR,1,0.4944170038240156,0,1,49.44170038240156,False
4105805,Colombo,PR,2,0.4462428800655222,0,1,44.62428800655222,False
4106209,Contenda,PR,1,0.4072837541830713,0,0,40.72837541830713,False
4106605,Cruzeiro do Oeste,PR,1,0.3914183486874128,0,1,39.141834868741284,False
4106902,Curitiba,PR,4,0.4771345219124259,0,1,47.71345219124259,False
4107603,Faxinal,PR,1,0.368424364361504,0,0,36.8424364361504,False
4108007,Florestópolis,PR,1,0.4946230125154581,0,1,49.46230125154581,False
4108304,Foz do Iguaçu,PR,7,0.4242494053576164,0,3,42.42494053576164,True
4108809,Guaíra,PR,1,0.5277858581908491,1,0,52.77858581908491,False
4108957,Guamiranga,PR,1,0.3283670269228606,0,0,32.83670269228606,False
4113700,Londrina,PR,2,0.5122399191450765,2,2,51.22399191450765,False
4114203,Mandaguari,PR,1,0.5434914794054806,1,0,54.34914794054806,False
4114609,Marechal Cândido Rondon,PR,1,0.3867375464882112,0,0,38.67375464882112,False
4115200,Maringá,PR,2,0.4094147463449192,0,1,40.94147463449192,False
4118204,Paranaguá,PR,1,0.4850592253557128,0,1,48.50592253557128,False
4119509,Piraquara,PR,1,0.5506269911682528,1,0,55.06269911682528,False
4119905,Ponta Grossa,PR,3,0.4548282585300863,0,0,45.48282585300863,False
4120606,Prudentópolis,PR,1,0.3636011098399922,0,1,36.36011098399922,False
4121703,Reserva,PR,1,0.4451785005421304,0,0,44.517850054213035,False
4121901,Ribeirão do Pinhal,PR,1,0.3923608745953441,0,0,39.23608745953441,False
4122008,Rio Azul,PR,1,0.2851933370856241,0,1,28.51933370856241,False
4123501,Santa Helena,PR,1,0.4614078756556141,0,0,46.14078756556141,False
4123709,Santa Isabel do Ivaí,PR,1,0.3759323438914755,0,0,37.593234389147554,False
4124020,Santa Tereza do Oeste,PR,1,0.515363843264392,1,0,51.5363843264392,False
4125506,São José dos Pinhais,PR,3,0.5000595346566766,3,1,50.005953465667666,False
4126108,São Tomé,PR,1,0.2907516457418207,0,0,29.07516457418207,False
4126306,Sengés,PR,1,0.3745096190942515,0,0,37.45096190942515,False
4127106,Telêmaco Borba,PR,1,0.5010198200986807,1,0,50.101982009868074,False
4127502,Tibagi,PR,2,0.3144950465575582,0,1,31.449504655755824,False
4127700,Toledo,PR,1,0.3477456891239362,0,0,34.77456891239362,False
4128203,União da Vitória,PR,2,0.3593121158311917,0,0,35.93121158311917,False
4128559,Vera Cruz do Oeste,PR,1,0.501038486482224,1,0,50.1038486482224,False
4202008,Balneário Camboriú,SC,1,0.6836970245712587,1,1,68.36970245712587,False
4202305,Biguaçu,SC,3,0.694365892607439,3,3,69.4365892607439,False
4202404,Blumenau,SC,1,0.6577875236172348,1,1,65.77875236172348,False
4202453,Bombinhas,SC,2,0.6871872612095974,2,2,68.71872612095974,False
4202800,Braço do Norte,SC,1,0.6201388142637532,1,1,62.01388142637532,False
4203907,Capinzal,SC,1,0.5428200046355333,1,0,54.282000463553324,False
4204202,Chapecó,SC,2,0.6221637187223203,2,1,62.21637187223203,False
4204608,Criciúma,SC,1,0.6896603674922756,1,0,68.96603674922756,False
4205001,Dionísio Cerqueira,SC,1,0.4934565914235151,0,0,49.34565914235151,False
4205407,Florianópolis,SC,3,0.6722030025440375,3,2,67.22030025440375,False
4208203,Itajaí,SC,2,0.6399753944670077,2,1,63.99753944670077,False
4208302,Itapema,SC,1,0.6910328610000849,1,0,69.10328610000849,False
4208401,Itapiranga,SC,1,0.4642658660989071,0,1,46.426586609890705,False
4208609,Jaborá,SC,1,0.3877203190790221,0,1,38.77203190790221,False
4209102,Joinville,SC,6,0.6270534446225462,6,4,62.70534446225462,True
4209300,Lages,SC,1,0.7129973431813013,1,1,71.29973431813012,False
4209607,Lauro Müller,SC,1,0.587661138747179,1,0,58.766113874717895,False
4209854,Lindóia do Sul,SC,1,0.3455018762504802,0,0,34.55018762504802,False
4211702,Orleans,SC,1,0.5563588129836603,1,0,55.63588129836603,False
4211900,Palhoça,SC,1,0.5921818709842264,1,1,59.21818709842264,False
4213609,Porto União,SC,1,0.5777114915033886,1,0,57.771149150338864,False
4217006,São Ludgero,SC,1,0.5580671610471465,1,0,55.806716104714646,False
4217204,São Miguel do Oeste,SC,1,0.5529706205847914,1,0,55.29706205847914,False
4217501,Seara,SC,1,0.4967480671121635,0,0,49.67480671121635,False
4217808,Taió,SC,1,0.4772772275040767,0,0,47.72772275040767,False
4218251,Timbó Grande,SC,1,0.5351574218164301,1,1,53.51574218164301,False
4218707,Tubarão,SC,1,0.4791707737391014,0,0,47.91707737391014,False
4218954,Urupema,SC,1,0.4153353340815265,0,1,41.53353340815265,False
4219507,Xanxerê,SC,1,0.5927528617452239,1,0,59.27528617452239,False
4300406,Alegrete,RS,1,0.7003568707566006,1,1,70.03568707566006,False
4300604,Alvorada,RS,1,0.8013450652125379,1,0,80.13450652125378,False
4301602,Bagé,RS,1,0.6477231722621632,1,0,64.77231722621633,False
4303004,Cachoeira do Sul,RS,1,0.4610389656704257,0,1,46.10389656704257,False
4303103,Cachoeirinha,RS,1,0.7335963124362079,1,0,73.3596312436208,False
4303905,Campo Bom,RS,2,0.5019670803590306,2,0,50.19670803590306,False
4304200,Candelária,RS,1,0.5539566596669067,1,1,55.395665966690665,False
4304606,Canoas,RS,2,0.7323648700259787,2,1,73.23648700259787,False
4305108,Caxias do Sul,RS,2,0.6221801917219353,2,2,62.21801917219353,False
4309555,Harmonia,RS,1,0.4668620409309874,0,0,46.68620409309874,False
4310108,Igrejinha,RS,1,0.5140212199397091,1,0,51.40212199397091,False
4311155,Jóia,RS,1,0.5523794322429094,1,1,55.237943224290944,False
4311403,Lajeado,RS,1,0.44658117957216,0,0,44.658117957216,False
4313508,Osório,RS,3,0.6552363523734086,3,3,65.52363523734086,False
4313656,Palmares do Sul,RS,1,0.7360122320710636,1,0,73.60122320710636,False
4314407,Pelotas,RS,1,0.5726159692258261,1,0,57.26159692258261,False
4314902,Porto Alegre,RS,8,0.6681538144805979,8,6,66.81538144805978,True
4317103,Sant'Ana do Livramento,RS,2,0.6932697143922947,2,0,69.32697143922947,False
4317202,Santa Rosa,RS,2,0.5132345495813918,1,2,51.32345495813918,False
4317301,Santa Vitória do Palmar,RS,1,0.6691246322483381,1,0,66.9124632248338,False
4317608,Santo Antônio da Patrulha,RS,1,0.590439194740928,1,1,59.043919474092796,False
4318002,São Borja,RS,1,0.5266375582176748,1,1,52.66375582176748,False
4318101,São Francisco de Assis,RS,1,0.6552910011790557,1,0,65.52910011790557,False
4318200,São Francisco de Paula,RS,1,0.5627281501982346,1,0,56.27281501982346,False
4318903,São Luiz Gonzaga,RS,1,0.6886137384918034,1,0,68.86137384918034,False
4320008,Sapucaia do Sul,RS,1,0.552782137395681,1,1,55.2782137395681,False
4320909,Tapejara,RS,1,0.403685135611154,0,1,40.3685135611154,False
4322400,Uruguaiana,RS,1,0.5658710488435077,1,1,56.58710488435077,False
4322608,Venâncio Aires,RS,2,0.4954786784812394,1,1,49.547867848123936,False
4323002,Viamão,RS,5,0.7042247488523371,5,3,70.42247488523371,True
4323804,Xangri-lá,RS,1,0.7402231347065404,1,1,74.02231347065404,False
5001102,Aquidauana,MS,2,0.2873606036454368,0,0,28.736060364543683,False
5002704,Campo Grande,MS,2,0.4880213425549692,0,1,48.802134255496924,False
5003157,Coronel Sapucaia,MS,1,0.1517931743006112,0,0,15.17931743006112,False
5003207,Corumbá,MS,2,0.4440229439169572,0,1,44.40229439169572,False
5003256,Costa Rica,MS,1,0.4054804451765225,0,1,40.54804451765225,False
5003306,Coxim,MS,1,0.4428403600906804,0,1,44.28403600906804,False
5003454,Deodápolis,MS,1,0.1505325101354998,0,0,15.053251013549978,False
5003702,Dourados,MS,3,0.4287092098663213,0,2,42.87092098663213,False
5004304,Iguatemi,MS,2,0.5118064007410497,2,1,51.180640074104964,False
5005608,Miranda,MS,1,0.4936086356857784,0,1,49.36086356857784,False
5005681,Mundo Novo,MS,1,0.1937363302234523,0,1,19.37363302234523,False
5005707,Naviraí,MS,1,0.3325580819994432,0,1,33.25580819994432,False
5007901,Sidrolândia,MS,2,0.521060733504576,2,1,52.106073350457606,False
5007950,Tacuru,MS,1,0.4271419969582177,0,1,42.71419969582177,False
5101605,Barão de Melgaço,MT,1,0.3708630928414588,0,1,37.08630928414588,False
5101704,Barra do Bugres,MT,1,0.6657729900510081,1,0,66.57729900510081,False
5101803,Barra do Garças,MT,1,0.5276638173481689,1,0,52.76638173481689,False
5101902,Brasnorte,MT,1,0.553289106175225,1,0,55.328910617522496,False
5102678,Campo Verde,MT,2,0.493358496010775,0,2,49.335849601077506,False
5103056,Cláudia,MT,1,0.5503804138350128,1,0,55.03804138350128,False
5103205,Colíder,MT,2,0.5584561126120148,2,2,55.845611261201476,False
5103353,Confresa,MT,2,0.6800544767819281,2,0,68.00544767819281,False
5103403,Cuiabá,MT,1,0.5672743028232461,1,0,56.72743028232461,False
5103908,General Carneiro,MT,1,0.2654727483658021,0,1,26.547274836580208,False
5105259,Lucas do Rio Verde,MT,4,0.5359524933084305,4,0,53.59524933084305,False
5106109,Nossa Senhora do Livramento,MT,1,0.4748823555164788,0,0,47.488235551647875,False
5106224,Nova Mutum,MT,2,0.4870826866757322,0,1,48.708268667573215,False
5106752,Pontes e Lacerda,MT,1,0.4172693001895054,0,1,41.72693001895054,False
5106778,Porto Alegre do Norte,MT,1,0.707729971154644,1,0,70.77299711546439,False
5107602,Rondonópolis,MT,2,0.5349864756783731,2,1,53.49864756783731,False
5107958,Tangará da Serra,MT,1,0.5877120207642815,1,0,58.77120207642815,False
5108402,Várzea Grande,MT,1,0.5869989996501006,1,0,58.69989996501006,False
5108600,Vila Rica,MT,1,0.5789494405641257,1,1,57.89494405641257,False
5200050,Abadia de Goiás,GO,1,0.4189036601306255,0,0,41.890366013062554,False
5200175,Água Fria de Goiás,GO,1,0.4037694969479261,0,0,40.37694969479261,False
5200258,Águas Lindas de Goiás,GO,1,0.5372711905159584,1,0,53.72711905159584,False
5201108,Anápolis,GO,3,0.3563681857226419,0,1,35.63681857226419,False
5201405,Aparecida de Goiânia,GO,3,0.4487748091489376,0,1,44.87748091489376,False
5204003,Cabeceiras,GO,1,0.3620682966851707,0,1,36.206829668517074,False
5204706,Campinorte,GO,1,0.3850856409148974,0,0,38.50856409148974,False
5205109,Catalão,GO,3,0.4794898037528657,0,3,47.948980375286574,False
5205471,Chapadão do Céu,GO,1,0.3640459299341237,0,0,36.40459299341237,False
5206206,Cristalina,GO,1,0.3860891390046475,0,1,38.60891390046475,False
5208707,Goiânia,GO,3,0.3967062537324593,0,3,39.67062537324593,False
5210000,Inhumas,GO,1,0.3297654703357991,0,0,32.97654703357991,False
5212907,Marzagão,GO,1,0.2827626096041786,0,0,28.276260960417858,False
5217401,Pires do Rio,GO,1,0.3471287351993262,0,0,34.71287351993262,False
5217609,Planaltina,GO,2,0.3707066692494639,0,1,37.07066692494639,False
5219738,Santo Antônio de Goiás,GO,2,0.2932771576783635,0,0,29.32771576783635,False
5220454,Senador Canedo,GO,3,0.4793626053130793,0,1,47.93626053130793,False
5220603,Silvânia,GO,1,0.26260453104221,0,0,26.260453104221,False
5221197,Terezópolis de Goiás,GO,1,0.3720309131880758,0,0,37.20309131880758,False
5300108,Brasília,DF,13,0.5617365186004422,13,8,56.17365186004422,True
